	Any interaction	Hydrophobic	VdW contact	HB acceptor	HB donor	Pi-stacking
Leu372	99.07	99.07	39.09	0.0	0.0	0.0
Ile341	97.03	96.87	41.52	0.0	0.0	0.0
Ala215	96.43	95.57	51.22	0.0	0.0	0.0
Gln42	95.63	91.7	78.91	49.22	1.23	0.0
Val216	94.94	94.27	50.12	0.0	0.1	0.0
Leu46	94.4	94.24	41.42	0.0	0.0	0.0
Ala220	91.37	91.04	31.36	0.0	0.0	0.0
Ala375	91.24	89.6	36.49	0.0	0.0	0.0
Ile367	90.24	90.24	34.72	0.0	0.0	0.0
Ile192	88.07	88.07	24.13	0.0	0.0	0.0
Ser345	87.07	0.0	87.04	58.98	0.1	0.0
Gln188	86.7	58.68	69.51	12.36	0.0	0.0
Phe212	78.31	68.34	41.42	0.0	0.0	25.36
Pro219	76.91	76.41	13.73	0.0	0.0	0.0
Phe557	70.08	63.25	39.39	0.0	0.0	1.93
Tyr223	67.48	67.48	13.33	0.0	0.0	0.0
His38	57.61	57.55	13.66	0.0	0.0	0.37
Leu211	54.05	54.05	25.69	0.0	0.0	0.0
